CGPA,Coding,Communication,ProblemSolving,Creativity,Leadership,Projects,Interest,Career
9.383196272708563,9.22329854026605,6.455213416855875,9.280500096762125,6.012053180601826,5.723077004587557,2.9252229036304134,Tech,Data Scientist
6.823558448672571,3.8115963709698972,9.23079665144518,7.224418128925607,8.19404552268501,8.64317231290176,2.260008742963114,Business,Product Manager
6.852462497188714,3.338994510474826,6.430299254791225,5.703628332363222,7.269515491987995,6.565614585115914,3.158647764605103,Creative,Designer
7.370747379916665,6.5,5.373770533636048,8.398132720887153,5.820773374550245,5.221284674157183,3.672652102895951,Tech,Data Scientist
6.0819426055464465,7.770866486154548,4.226788904543236,6.631183924672113,5.8534816268219,2.5,3.791416350685651,Tech,Software Engineer
7.999631113750348,8.335373602320146,4.609961416564856,7.5609041322564385,5.771982215104256,5.231817895775838,5.0,Tech,Software Engineer
6.979450941329662,6.980041507396868,5.280547713998389,8.59772859524301,6.142425736070566,6.259533889474545,3.4581978829307722,Tech,Data Scientist
7.896091569244744,3.968245592371294,9.217805536116446,4.9104766477818735,9.820719565235377,5.57714907020274,3.444880173440109,Creative,Designer
8.162710592495955,7.092317562251203,6.9068496408990505,8.730132776308386,6.385037937656101,6.112186787026389,4.037134400646927,Tech,Data Scientist
6.6733303959656896,5.2063681820848835,8.22967481010463,6.627541280035241,6.338846958408318,9.457646956824883,2.390504964599691,Business,Product Manager
7.36469096797966,8.395672945415294,6.724187842812771,8.421019343462842,4.587234116107633,3.0,3.8434828683123055,Tech,Data Scientist
8.024733822426159,7.894150230117392,7.414189828928501,6.5,6.395933874430824,7.217582021983931,2.897775388086629,Tech,Data Scientist
8.509525026697768,8.306712267201895,4.416388870285816,8.266896861928444,5.4438080411508745,4.092174946595978,5.0,Tech,Data Scientist
7.064710003213161,3.0211986435123657,4.5,7.542830383868241,8.895659554377684,4.59901786959995,3.595964478053331,Creative,Designer
6.620794987544417,4.18846316238507,9.075843589913397,8.286849911027158,6.316281138644277,7.61557883767314,2.576091506969387,Business,Product Manager
8.442583757466382,7.181851069505278,4.77102845080921,9.23065157465992,6.927354761642422,5.117124790994528,2.547575827599027,Tech,Software Engineer
8.73272203388481,6.806246554034392,6.2306314925944175,7.812664453333136,5.672326905638039,6.603033607835065,4.230492349603141,Tech,Data Scientist
8.72746529243942,8.11067294027848,3.541188081680182,6.777083917243465,6.351191728701694,5.47461092763501,2.0463533998116494,Tech,Software Engineer
6.8155420367357715,7.851396668729804,5.475527425665868,6.093404089194135,6.028770028928938,6.160959527510013,3.534347058797833,Tech,Software Engineer
9.019557773552991,7.435171217206772,5.563384716897764,8.632905288643624,6.762926482336937,5.992909300329824,2.4515221460921532,Tech,Data Scientist
8.374007473801637,7.226636783405086,6.568750784082499,7.4328939193368,6.878450301307272,5.445081497915122,3.6521101091637913,Tech,Data Scientist
5.585444953206078,3.300714541817728,5.693417506212121,6.990557318274253,9.540484337690236,5.799566741241161,1.317761747948043,Creative,Designer
5.500015219189603,3.3567126390359525,7.546846810634294,6.2117545497068996,9.50704458780545,5.165258813561229,2.628915519204868,Creative,Designer
5.359815272851321,2.5678882395469875,6.897593260851814,8.290986879888639,8.504121910603372,4.767382604643564,2.3593464661329646,Creative,Designer
7.102317030583359,3.557044476740672,7.886961922510794,8.4903336126275,7.808045969848031,8.748263342585807,2.319735160763146,Business,Product Manager
5.814757192820976,2.440299728850187,7.161197884053996,7.638196132938653,9.53669610895942,6.001613400320041,1.7346841919540132,Business,Designer
6.0,7.510854042860629,8.5,8.547907417170917,5.440427713950511,6.011588230450337,2.5512333176044457,Tech,Data Scientist
7.715441347543172,8.30225713123972,4.0,8.50630858910804,4.0,3.60419025185404,4.161414880752787,Tech,Data Scientist
6.36960576108047,3.4138473858122382,6.358144217707131,4.726141069464115,8.194011273382765,6.9094672421109715,2.859821431308409,Creative,Designer
7.903915415185266,2.7380834881573834,8.114106208498583,7.730970942973377,7.359832005231233,8.7314436423543,1.8580657374774674,Business,Product Manager
7.242604959235292,3.044138896665593,6.745924823962092,6.857396557193622,8.719029010264386,5.708604548924627,1.9536989883753,Creative,Designer
8.128035155100005,8.388490498062943,5.501473831429935,8.825658214970616,3.5,3.298778995808516,2.3503436589005036,Tech,Software Engineer
8.151874714269955,6.690659763267989,7.536186100012171,9.198359988047544,5.747482665697035,5.89979977162298,2.0,Tech,Data Scientist
8.057194516618367,7.37127043489061,5.5356071107997336,7.632590097437824,5.330163491501273,5.522550003148901,2.6756532362844387,Tech,Software Engineer
5.923111284545726,8.37534644658585,6.873633549651557,6.522088926368468,6.136400938689873,3.9010118272442744,2.762470381056258,Tech,Software Engineer
6.196798383289503,4.09552241149581,7.350433510934785,4.990904947612014,9.227519509057336,3.1487493443113532,2.621742259394231,Creative,Designer
7.867073726440214,9.693957392183645,6.030280203579622,8.53103385375217,5.767730670075765,5.583284616752517,3.804813344348857,Tech,Data Scientist
7.016990472161142,2.5448826659613326,6.560528934883676,5.495850038425041,8.10365881667995,4.351141862860724,2.3055564745718335,Creative,Designer
6.652576847520795,5.250254316695359,8.076623264630653,6.63148854769844,6.949713336310881,8.480687869053243,2.727419303177209,Business,Product Manager
7.592030993682674,7.401634360714297,6.343554022661967,6.397765700114514,6.958949582376899,7.5,3.59316091725724,Tech,Software Engineer
7.984777949747107,3.6666417096895767,7.006432479868044,7.019832426885409,8.000214585774307,7.866396877179223,2.0141696732996506,Business,Product Manager
8.515151034621486,6.5,6.1512815980698825,7.525415783765702,4.781186939576372,4.534032396378374,3.53270124743935,Tech,Data Scientist
5.086482676347347,1.0,5.7436535364965415,6.9274938966718445,7.681051027590703,3.9950648691213644,4.232718856986332,Business,Designer
6.451516099529344,2.5344132204114,6.114393007641738,7.847089486131609,8.742372025265087,6.897047227319618,2.3733982538538427,Creative,Designer
7.8746896818735275,7.963313726478109,5.54521230457061,8.556857761185665,5.54501651965922,4.151833659856027,2.777649940544304,Tech,Data Scientist
7.274007670766779,6.5,4.403939511397372,8.609611740692428,3.5,4.582971905367777,2.3559993772261927,Tech,Software Engineer
7.13080016414602,3.7268728636964235,7.990600678867919,5.6472037061542055,8.710922683710299,5.311405185363427,1.767402770467505,Creative,Designer
7.087871264699015,6.992417712256526,6.647813716722711,8.246619464748356,6.548738818864127,5.293561909978703,4.0225149811637015,Tech,Data Scientist
8.262929601825984,8.32572966853596,7.520661655528167,7.925771079308496,4.523142183154269,6.673944658229182,3.534809462322196,Tech,Data Scientist
6.434954327281191,4.169746180985516,7.724699196769792,6.746141004247674,9.449282044119482,6.325465909843935,2.4484291893224874,Creative,Designer
7.535724173937806,9.068587446075572,3.3519029169469268,5.723549517126933,6.0738038453235195,4.991459773845781,3.4361415545535454,Tech,Software Engineer
6.494405158153853,8.631693028021363,6.136527797196683,7.5791666066979015,6.0195849271799435,4.689552917977124,4.482623148572848,Tech,Software Engineer
8.446839167419379,7.800617495842279,6.847484690709474,8.189082566563762,6.701663648089567,4.361414074555295,3.7903322793693857,Tech,Data Scientist
7.908448844246356,1.0,7.597859200279269,5.836255062202463,8.512761487983871,7.361546671729593,2.2286951262399586,Creative,Designer
7.142152952299263,3.4459283483384535,6.69741405379142,7.942161691930406,9.017961190385163,5.981440630212417,3.635593515240455,Creative,Designer
8.058913496182528,5.094327535282318,8.416504251475109,7.853906799286345,6.424215880217963,8.98576828284529,1.7215690219485593,Business,Product Manager
6.358787474840403,6.5,5.242461908988796,7.330454285462055,5.3755372902181024,6.294654846835686,4.258815869213355,Tech,Software Engineer
6.465716402530536,6.773495669419788,5.371431794950624,6.601933215080377,5.71514946833799,3.079752981147827,2.6904204333517936,Tech,Software Engineer
8.326428941505014,9.455186958648747,6.33102711619342,7.398124815447359,5.89027254830571,5.4608281901909,2.7082066782387475,Tech,Data Scientist
7.492084779462986,8.710559848861745,5.039266381682458,9.506758657268595,4.232069583569501,6.513124788275581,4.394325960576777,Tech,Software Engineer
7.641148633577316,8.407100555578825,4.634240927819485,8.709976722120896,5.461228682382257,6.76259392680692,2.0,Tech,Data Scientist
8.197045233478834,8.26916939052527,7.413612846124113,7.065990769167371,6.799336332474489,5.116896095549339,3.9366224077953866,Tech,Software Engineer
8.834874296526095,3.44251386307674,8.47395233224261,7.46775772800064,7.109732099300933,8.208542265596202,2.5749735210066302,Business,Product Manager
7.517177347620205,2.2334795530211298,7.149771817715059,6.228683932874065,8.063051855821836,4.829986541794347,3.9062977912325874,Creative,Designer
6.897234052978992,4.950138984175019,6.131625316700466,7.204918518693884,9.613724103277399,6.275112615442712,2.031202926460544,Creative,Designer
8.868229603556728,8.329878266513507,5.913751266444308,8.563172463446957,5.6913269444535874,6.529101838011664,2.334875132627901,Tech,Data Scientist
7.068409524574819,1.2287951616081372,8.636895169829012,5.1081186890581245,9.869992570005707,6.623698252579635,3.261866193427744,Creative,Designer
5.811547882395786,3.358352651014036,8.581038459242295,7.923587177972886,9.051798049232875,6.008624224735351,3.43319914566786,Creative,Designer
7.47766708426823,8.493585128746819,6.387973587486105,7.041498192467961,5.932019744015595,5.7882393932818195,3.080244170809797,Tech,Data Scientist
7.654000182896222,3.6611737762752883,8.334104819550198,7.421965769242089,6.953666403764009,8.932272465427763,1.426994585153105,Business,Product Manager
8.311722649479245,4.516026709852407,9.183952391166182,7.749262807697429,7.612703222590952,8.590407398171614,2.9882418183447,Business,Product Manager
7.467592234169045,8.208945190760048,6.316685809140728,8.37495087738321,6.87142877794819,5.74595510365215,4.3431308504575155,Tech,Data Scientist
8.558883614808284,3.2096539437343505,8.995808949731966,7.063742314605905,7.691214383864958,9.177862005762295,3.018897236889515,Business,Product Manager
7.267859588831456,4.298551116688427,9.176851386445746,8.022356368372742,7.858632054888799,7.768330662193123,1.7683160530210682,Business,Product Manager
6.840251949339213,6.592346240749878,8.914883012397096,6.998546525652211,8.374062327403996,7.707587343599105,3.206369862613804,Business,Product Manager
5.490849658633158,3.3053282873486918,6.653885968405454,8.5,8.99958668893959,5.081312668226999,3.9360223342296834,Creative,Designer
7.9305621389968515,3.3362395258619117,8.158907239608537,6.877407231297918,8.551826326658817,8.899565612325251,2.956078434450771,Business,Product Manager
6.909266195806702,7.84748900131597,6.7091107111025945,8.065916664249272,7.509943954012071,7.5,2.475426374454128,Tech,Software Engineer
6.543450024351458,3.2459473093961706,6.7713217123252,6.247387906944611,9.22913094683955,4.903711123086049,2.0418509314886593,Creative,Designer
8.078390954834257,7.0,8.712766781414276,7.936179160180532,7.833613566889489,7.492827217929398,2.189268854506871,Business,Product Manager
7.7240405193569925,8.977043249846185,5.851004317425931,8.633203364401263,5.705034689407328,4.601397764193194,5.0,Tech,Software Engineer
7.5078031116789194,3.723048685824577,9.615441368186953,6.711091658235123,6.896313221304443,8.385958962157854,1.7354723710391293,Business,Product Manager
8.339502002822563,3.3885516812792154,6.260211696987039,7.087084442098204,8.311223112195998,4.363328754412068,1.3920729024348437,Creative,Designer
6.8374953530043845,3.3666925459162904,8.111879482708453,9.712419245162904,8.45286382887683,7.617649745766183,2.95330187214318,Business,Product Manager
7.762141309841891,8.089529725714165,6.113899348178951,8.832644897352063,6.344645226236052,6.2351586199187965,3.2493021742153925,Tech,Data Scientist
9.674534647144476,9.416019412227719,6.585846552556501,7.589554232244185,4.8875885280165825,6.810257248397752,4.010199380117711,Tech,Data Scientist
6.96351999030945,8.306804501378524,6.37442547820719,7.662327548723758,5.143945063359032,6.4715515467787394,4.563348402385305,Tech,Software Engineer
7.343546069914845,7.716338244691483,5.915768097794168,7.907284577081633,6.120849646324607,5.286320949114132,4.562214563945509,Tech,Software Engineer
5.475991351977905,4.833999527484605,7.199165334741482,6.929102105827009,6.872014423742183,7.963593325250488,2.126342842238554,Business,Product Manager
5.57877569927083,8.793825264393808,6.110896251359433,7.778452413141251,6.781479749308115,3.602206284246752,4.907004308948111,Tech,Software Engineer
7.565947783127127,8.330018585871679,5.4000419774114405,7.472250737324234,5.585624890294886,3.269625517231985,2.8867914062713336,Tech,Software Engineer
6.534177715724574,3.3006148067645364,7.3538763202788315,6.166923557988733,8.71594032845188,7.017815562729827,3.7676165619543087,Creative,Designer
8.073701326747287,7.246341598555285,5.605599647801265,7.015570789947986,5.1118661462663475,5.106181643118128,4.4428680155028815,Tech,Data Scientist
7.150766006835656,5.8988065078605825,7.470734420104275,7.423932106639674,7.807630193905409,6.5,3.2236503175572295,Business,Product Manager
6.515636644454997,9.121524597056496,3.386345016396498,8.516091990865815,5.74489790095771,3.5691256034690797,2.833507942157847,Tech,Software Engineer
6.933589964098946,8.674255826327727,5.714614370457177,8.06646360549198,5.931873813121152,5.98251674041693,3.37567402636616,Tech,Software Engineer
7.621611106681274,8.660016538737466,5.249838646091727,6.0464541984736915,6.788531862851462,5.437430045591363,2.719187921839218,Tech,Software Engineer
8.12683175286137,8.563031354570603,5.890653460279761,8.565420190045929,5.338074058933349,5.100640768778421,3.4946096848013366,Tech,Data Scientist
7.429674016580415,4.022666503271751,8.597860448048245,8.25205343509762,7.097475246252225,9.721375877694097,2.6674044992434225,Business,Product Manager
7.074921871787733,7.735598971863083,5.127866978573141,8.771517186104527,7.9972965307479935,4.205723808627768,3.130029276731846,Tech,Data Scientist
9.288749596009517,10.0,5.794730734550669,6.650529567503851,5.689516023804056,5.1851547551752635,3.648060927182194,Tech,Data Scientist
8.30604471898291,6.702026645688113,3.6494408700298706,7.689262161977532,5.085123438102491,6.574430314663897,3.0478604880918208,Tech,Software Engineer
6.594320156381097,4.994428494681072,6.6838007156402455,4.566698955351921,8.522857424912582,7.09996984505494,3.1008556770566167,Creative,Designer
8.174116736812563,3.849619919728569,9.21860513961279,7.987975757151831,7.420213732938615,8.416411844268477,2.3775223743000753,Business,Product Manager
9.628058642184854,7.921615246052741,5.8929167816654235,7.597177935714097,4.967737329422163,4.131081033638817,3.088962149415265,Tech,Data Scientist
7.896502062818879,2.5724918180455414,8.049476848873375,7.648963915815086,7.900946745408929,9.028081195951817,2.698734200822831,Business,Product Manager
8.37069584482615,6.622356268468964,6.429481715463607,8.788466473942698,6.374386451706263,6.195179632137535,2.6765847215274006,Tech,Data Scientist
8.283740493329976,7.65637869582015,3.5110415484421793,8.889143570413099,6.056658730712262,2.9426169254046544,2.728944402225031,Tech,Software Engineer
7.708494399812865,9.072136394182934,5.5966544007888,7.852809843629181,6.103837425637563,4.89015197669815,2.875342537496282,Business,Software Engineer
6.571600686240685,4.438118592628544,8.73733362609319,7.999316869552782,7.808953096598873,7.784111754690137,2.7383083104510817,Business,Product Manager
6.9018365999431825,8.588473342125473,3.970246027027218,8.794834934123308,5.655972339945324,5.348048475780242,5.0,Tech,Software Engineer
5.6736568231710915,3.7177256087500634,6.913370538025223,5.043945207131962,8.681087861494182,7.019406917114819,4.141275838596557,Creative,Designer
6.83314253207511,1.0,6.7628392150661165,5.279736707881579,8.870914938607285,4.31449000614801,3.139398509964151,Creative,Designer
7.772238861772098,2.2513111266300436,6.891293772175454,7.254627793652306,9.366382241869921,5.32442606572726,2.568875295317873,Creative,Designer
6.718269990032479,2.745051138175017,8.923895690018222,8.177584950433992,7.958856879020402,7.067412402988735,2.7092427068089058,Business,Product Manager
7.135201266804191,6.011647023456487,8.2047771947199,6.699176409586431,6.756977620111153,8.460680237820744,2.2385402019734073,Business,Product Manager
7.595564529862286,2.328459637299325,8.67548852769662,9.54569264338145,7.775942549220712,9.478730465153406,2.6280403110900936,Business,Product Manager
8.788909053568615,7.498005788609519,7.005678639242501,8.741921094953842,5.045208182869178,6.571283541039141,4.358853076297204,Tech,Data Scientist
7.120078843065684,1.3404031616735954,5.744566219044295,7.139201355152263,8.765066226239302,5.148983685391728,2.2010003008152657,Creative,Designer
7.3490509352093865,4.4328654815456785,6.5,7.693957172371581,6.364508282289876,8.688551167352413,1.6027041265899342,Business,Product Manager
7.183163871457342,8.04695598679178,5.926149494453763,7.930534425887525,6.619701965482479,5.873862897311974,4.052838296515429,Tech,Data Scientist
8.468977865087423,8.64010392181357,6.993347235199925,7.921019942201249,5.537648207335433,6.44377346938287,3.646956540094708,Tech,Data Scientist
6.6412607528874705,5.443439122383497,9.080787240235242,7.36038273942084,8.487827116941917,9.394775515012105,2.6703792414803775,Business,Product Manager
5.856175986027497,3.6347106420900044,6.6310708436752615,6.496394605010188,7.942987612970418,4.99219357678696,3.2698061293958722,Creative,Designer
6.337305958591479,8.582101763133739,7.604250288504927,7.91955989597758,5.423787896216536,4.39147366348611,2.971728021323912,Tech,Software Engineer
8.423530725700578,9.227085840877129,4.319201572025943,7.945674761097229,5.132994743676574,5.631148447240132,3.34284062464261,Tech,Data Scientist
7.735998482763393,3.3114093474506756,7.167053526680888,7.658184147104979,9.609438907829317,6.341876789749914,1.6626181223700296,Creative,Designer
6.341783303517262,9.566263557418669,4.484172242073366,6.5604503356782224,5.760901078783447,4.891769103947134,2.5779947948453663,Tech,Software Engineer
5.7958400624254836,4.431477113927417,7.708586801613148,6.590133327088755,10.0,3.8512151924288434,2.7938189751154545,Creative,Designer
7.258979322747046,4.6381576410093714,9.05553269483222,7.622942054711431,8.305554931500946,8.30639522363905,2.4192655036348647,Business,Product Manager
8.188358694647944,9.45000453364966,4.9776256874600975,8.399228897845553,7.8212988508131085,3.683064937002806,2.7751446345233344,Tech,Data Scientist
5.601982246585797,1.0,6.322879097981918,7.060945525881117,8.552832568007537,6.381296209509903,2.918982540736218,Creative,Designer
7.455397046203576,8.207600896560853,4.580337173669634,8.095873381123578,6.450249005578364,5.71226563388668,4.5295725231341155,Tech,Software Engineer
6.678409811953055,8.481428836887309,6.950914517515535,10.0,5.213414914929099,6.722360187974528,3.495001984321318,Tech,Software Engineer
5.118836068509227,3.4914525899395903,8.863894535656668,7.662458244000213,7.472810360597756,7.063183531876763,3.5491203336117176,Creative,Designer
9.506346249500377,9.096392226356254,6.568252907505203,7.525219968323289,5.582773841781323,4.74870940755247,3.6124244770556135,Tech,Software Engineer
7.645971430486253,9.30954101864364,6.331485816805452,8.406583058658155,7.564718021669904,5.102052474811412,3.047102323260033,Tech,Data Scientist
7.730139870345195,7.872197107033231,6.815256766968561,6.815462715594225,6.164390702977302,5.070489655590909,5.0,Tech,Data Scientist
7.510149926956794,8.221541145173994,4.78581078842885,6.162994197092035,5.892679446029003,4.077973208542505,3.3687947845980997,Tech,Software Engineer
8.851081226187487,6.972255596471836,6.206339062362269,10.0,6.223079742625275,7.07653595726679,3.8732161425385665,Tech,Data Scientist
7.835649953705896,7.144980150580476,5.860966924099437,8.872246509965915,4.2726795768076515,5.9778660079004435,3.990188481865822,Tech,Data Scientist
7.904980507211893,8.75065045881314,5.626042880726266,7.796949184791538,6.577609530278536,4.0286164173286805,4.0024468631265595,Tech,Software Engineer
7.591828167516517,8.363190973072008,6.747048526632372,7.174856617496899,6.152034471802924,3.813647420678473,3.6602538224350503,Tech,Software Engineer
8.57105610918592,8.217480069509076,5.586023198607103,9.36094307921685,5.559347578430257,5.5353184413680285,4.015130758142881,Tech,Data Scientist
6.1996917417636865,3.958806656010961,8.031979403265023,6.236245735009351,8.652496714646267,5.138040960746962,2.595341492605934,Creative,Designer
7.088456799126741,7.566882988521129,7.637776939916463,7.270336389812569,4.0,3.451970331433237,3.823287957261335,Tech,Data Scientist
6.716612709390499,4.009321091749452,8.332944016279344,8.528330300511104,7.218033561779681,7.340706299083816,2.8807139028785262,Business,Product Manager
6.385171308586351,4.684895990578642,9.075527832598565,8.614344271340865,6.601444451674539,9.049901573535719,1.9511003945707137,Business,Product Manager
7.527434388829211,8.284044503231307,7.405853620888234,7.616732929805113,5.345853559932204,3.1379820672874796,3.6698672635640737,Tech,Data Scientist
8.243773663803545,7.064014304383554,6.950451195806457,8.952451773112971,4.048964811346163,4.06760254245145,3.902272322533828,Tech,Data Scientist
6.2047832928793385,3.4676148265676883,7.305885064535359,7.801601872631193,7.605353885566006,4.995750897991527,3.478812884310803,Creative,Designer
8.77653868954309,3.061610346189476,6.034644484879696,5.115034791715786,9.18636842741392,3.5589223423773046,3.2402760811239104,Creative,Designer
8.492380312321599,3.942743529365462,8.688158585182167,7.284344560108818,7.528938610534654,9.552623624962605,2.8560616801126693,Business,Product Manager
8.295952668706024,5.603308411976382,9.517360362189567,7.822916475515629,8.014733461344559,8.054298341531373,2.078977431908696,Business,Product Manager
5.691369530127445,2.391243076354674,7.9269431432122985,7.274657690700202,8.305537148518946,4.693066022148855,2.283522718033862,Creative,Designer
7.46426434588772,8.65396368397577,5.165130560857666,7.131315964468798,5.8923540382544575,2.6949008889257824,3.6816281017811665,Tech,Software Engineer
7.956973959345343,9.591136922221894,6.330274521472886,8.986191608818446,5.5007044014608475,4.196561856941273,3.0279065902141022,Tech,Data Scientist
6.945153004002145,4.863722261940397,8.399757822121078,7.270352242480691,5.81735491736018,7.118233629231176,2.0912791426354467,Business,Product Manager
8.202307851975918,7.5464380327304506,5.571933916274626,8.449162267442752,5.598007419870795,5.768514827876188,4.018563218281698,Tech,Data Scientist
7.504267252697109,8.424022664059937,5.666547652835276,7.870689342227032,7.362642639803341,4.355355342236324,2.0,Tech,Data Scientist
8.777382799095845,5.490856369710372,8.915916785019812,8.370952848101526,7.719037525389062,8.104536915856377,2.3853651271144587,Business,Product Manager
8.174300634480769,6.95012184446932,4.476708844002944,8.864731782052802,5.53910017699915,6.007907126159358,3.4895643109753967,Tech,Software Engineer
9.17064231297565,6.930113251109434,5.560248467250252,7.458739246875579,5.610190196844232,3.9856452376880602,4.3081207574515235,Tech,Data Scientist
8.147379975854005,4.415141289930645,8.335726624770773,8.18251772937966,7.318618584309738,7.2651961125293,1.9309181827518735,Business,Product Manager
5.065024024742837,3.85714215267672,7.579172776596039,8.918109832953593,5.6674992492960214,7.146919360212758,3.2769787501739898,Business,Product Manager
8.604998530903845,8.340958343112556,4.965186913088521,9.353843832948995,5.499255256243083,3.679395122496298,2.963965032330958,Tech,Data Scientist
7.030615219692255,7.544837180222399,6.931274183517234,8.070079386924615,6.404993375678873,6.496653705370941,5.0,Tech,Software Engineer
8.330375750509068,8.828029993432269,7.608089364408952,6.812904614420406,4.420850748651412,3.8067978698058567,3.8283540532387494,Tech,Software Engineer
7.561518770413757,3.6070534347705516,6.873656594992195,5.55380524644295,8.050365102908838,4.938035202837938,3.127948467984454,Creative,Designer
7.047404355869601,6.709506737312285,7.28845571105823,6.447350997769055,6.028258886852846,9.681934629302482,2.1763622061350993,Business,Product Manager
7.153904900983875,8.829102551913367,4.794303007138868,7.708153820469028,5.500662092248278,5.8065371781157245,3.6801024538784066,Tech,Software Engineer
6.852466608619308,7.744588990201546,4.463052094015525,8.342912420271109,5.4356227071067575,5.152834970787783,3.249193060449385,Tech,Software Engineer
5.675893500735995,2.9252374365866918,6.706001225771215,4.084719884396529,8.64628420751887,5.326950383866687,2.6717656457415844,Creative,Designer
7.670559384674127,5.566779816485578,9.438847577812027,8.396272851935125,6.359184842266837,7.577172442738982,2.446959966478123,Business,Product Manager
7.215422065876931,8.592290993651014,6.174261918522059,7.373110892300023,7.331778890601052,6.20901292518387,3.0946767068801977,Tech,Software Engineer
9.283403489213713,7.588070512138857,6.307880444343033,9.247640547888421,4.397740458941074,4.123188064483246,2.518977650304917,Tech,Data Scientist
8.281226927581567,2.5071310521755983,6.323115976966721,7.848725558462862,8.53764759309722,6.294421879863103,1.6182856279100577,Business,Designer
8.936997674773856,8.675782089858133,8.020646157646802,8.784619752910915,4.42795974434676,5.426351509811979,2.862394245924147,Tech,Data Scientist
7.8606618129560335,9.501098850007567,5.096259302217993,8.669807333442233,6.319400263791229,4.544048027348739,3.9419168917095524,Tech,Data Scientist
7.647888593443724,7.78760794251566,5.202017010221969,7.287482917399813,5.065612242608699,5.5821126421965355,3.49071069986994,Tech,Software Engineer
7.263319681752698,8.76951739186755,6.839626409497902,8.554036499363242,7.249665267043778,6.198908257147405,4.392011389043468,Tech,Data Scientist
6.299873113139219,7.122550118940652,6.121668716690746,5.5,6.00541052696126,4.426300330695411,4.346597285503928,Tech,Software Engineer
5.603554843875728,1.822210232299129,7.113236527374717,5.100598174175964,7.0,4.351697047951587,2.4225122818228644,Creative,Designer
7.110841031136689,2.3130623783341537,6.879672739267564,5.6667457977264055,9.193078808233752,5.650451529048369,2.441368181084613,Business,Designer
6.946767007284869,4.203811445386097,8.690393096643671,6.528938531656229,5.73476200744391,8.021464167330661,3.034880083851253,Business,Product Manager
8.89913157437652,4.498656333602532,6.511971601681068,7.821628474940106,8.950138013034206,9.560736230836312,3.781668002129596,Business,Product Manager
7.327491027651924,4.023366828099511,8.034045972528185,6.764197441503031,7.579455146918847,8.224787860731876,2.0357783745542646,Tech,Product Manager
6.9045451930861566,2.7336029248074913,6.15094024695872,7.905483382793964,9.53426700645301,4.6630487804470055,3.2547554444756903,Creative,Designer
6.899291339957722,5.998827236248194,8.850153748094225,9.269514724238032,5.80695045053408,8.087711913348597,2.1762350312400223,Business,Product Manager
7.1125874998842376,8.937235224415998,5.240582331804401,7.223972440956657,5.904690029888126,7.03590401956502,2.2277150335830367,Tech,Software Engineer
6.767774197492511,1.78728120095741,7.227481042120838,8.5,9.745119035883409,6.290182675583579,2.7315141618070817,Business,Designer
7.244333588749676,3.7752291868507144,7.12741109519754,6.044360294952204,8.549728924011827,3.995470711323235,2.1552657771058463,Creative,Designer
8.464621676263837,7.948895125046578,6.029592418835795,7.576414082619664,6.4303013589575535,4.563309091895655,4.3324681890507435,Tech,Data Scientist
7.08080865162773,10.0,3.5885139453491544,7.683269860838821,4.672046976494331,4.407918391540786,3.4131355786724353,Tech,Software Engineer
7.386975537852711,2.614682708915259,8.916559025675811,8.640861204723514,6.428541236600314,8.292852905686424,1.2922520165946076,Business,Product Manager
5.720025843869585,8.090750479146879,5.562146361192556,6.342482966962088,5.765525134965367,5.064503075588602,1.5751935951524965,Tech,Software Engineer
5.872422758788971,2.116574843912364,7.852074886023742,6.236129414875507,10.0,5.550940961273554,2.059137567719606,Creative,Designer
6.737727365356581,4.849446241357792,10.0,6.548351929803049,5.491966950090202,9.329272105029787,1.9212336262248484,Business,Product Manager
6.255891281477899,2.683634576838556,6.148703873639855,6.521375253976228,9.076621199970841,5.8553915837316906,2.54710010242521,Creative,Designer
8.081540709898126,7.313908887775113,5.34079398142443,7.769869938477582,6.54259446329196,4.448812315858462,4.150009798895896,Tech,Data Scientist
7.532100692053599,7.9580714566945945,6.478864284647239,7.393685640301164,6.7242826774562285,5.569302605168169,2.2864429973504716,Tech,Data Scientist
6.906380686538554,4.287027015487695,7.998245700168744,5.774865715411432,6.181212203930735,9.068874788896174,1.0230345471840199,Business,Product Manager
5.30965651183163,3.4906069024558883,7.650860903859193,7.025707983318722,9.349468002081544,5.899589387172284,2.742070128935565,Creative,Designer
7.388571635103307,8.893623122383593,3.4342123574375014,6.532710587564058,6.67654360408152,5.324114521036744,3.629577265701403,Business,Software Engineer
8.572250676262273,7.743030358736081,5.746364171210793,7.501799420773579,6.081955867394157,4.161583476818205,3.2285436778394123,Business,Software Engineer
7.93292579828729,8.706182761310602,6.163307538769344,7.163931956858506,7.921143402633668,5.281317339778517,1.8100121979001638,Tech,Software Engineer
6.708321815369244,8.839035514934206,6.44658267875759,8.902934623019178,4.923890075772042,4.728254498547034,3.897817640914764,Tech,Software Engineer
6.835461077210603,7.807059932660382,4.564098415379037,6.530175077156659,5.500346935944634,3.540075541652714,3.5680338940299303,Tech,Software Engineer
6.971411313512599,8.308788410822022,6.466849430470982,6.152364146914917,4.489703250234561,2.5547257907183387,3.3261561802026165,Tech,Software Engineer
5.6460539869885995,3.5451853899952965,7.462326623386837,8.025407890763653,7.740982653672864,7.576896568335301,2.3178399586058154,Business,Product Manager
5.872679074083121,4.465660168345348,6.532289172952526,5.866573015218491,9.137670366132717,3.4798387773874198,2.1675724402216643,Creative,Designer
4.76257807093789,4.117574196933155,8.311136566359135,5.930544662176252,9.004268937198418,6.730995793336129,2.426568649565184,Creative,Designer
5.378821335887099,2.151475024647359,5.751408355172408,5.547963746347707,8.955492569784617,5.470348579921272,2.972275034630999,Creative,Designer
8.820669474308191,8.035021886211315,5.354954672030849,7.333040938113551,6.344604904750358,5.91720803780168,4.829864889284052,Tech,Data Scientist
7.4879257917676725,6.5,5.290163493631996,7.353480903030654,7.89599875022544,3.2514345044965323,2.987457917920643,Tech,Software Engineer
8.264832123996957,7.727642216476598,5.717209841275356,8.896444487535781,7.47927451067423,7.473807060060395,4.851846297204724,Tech,Data Scientist
7.102589995509324,3.9796470178149748,6.631977362656098,7.850133831390386,6.857965744027024,6.620634925951006,3.0876976635419764,Business,Product Manager
8.054063255591114,8.260207458820986,6.831288225838541,7.034275344115466,5.6803287836426986,4.982590080277925,3.288897721405326,Tech,Data Scientist
6.861600521843584,3.256458910858533,7.486953667770816,8.02282988336906,8.919668746531254,5.375655592041477,4.006975698658063,Creative,Designer
7.822221842320982,6.676274334947608,5.184420918792458,8.450811077960156,6.838126567894381,7.696403980860966,5.0,Tech,Data Scientist
8.155842810666911,7.838682166213046,6.115494407677783,8.009568982717349,5.250447378869917,3.6526778812748057,2.352697334481382,Tech,Software Engineer
5.653897863822669,3.2363242820282005,5.85684007563061,6.072234454418657,9.340548034146755,5.612002674413628,1.6698871819190224,Creative,Designer
7.622579173089331,8.41344719454495,6.90195362622127,8.310593145646944,6.760133085375854,5.752132511526575,4.224051764481173,Tech,Data Scientist
7.498795944111241,4.796019779532893,9.167669113171076,7.995831942804187,5.0604385574430175,7.672176602275208,2.596743590547296,Business,Product Manager
6.417038274281579,3.461588601477799,7.002459898535833,8.052996110603226,7.768114495260433,8.684192922009414,2.7854098587326273,Business,Product Manager
7.478592863664964,2.4617009046833505,6.762244965551469,4.718689218489007,9.292933241586217,7.634953633100055,3.3769802982398334,Creative,Designer
7.29084311256164,5.860547127076814,9.985507786622518,6.980836374166518,7.184846948639917,9.757644177074274,1.4344605073660002,Business,Product Manager
7.352526484073935,5.699608823846386,7.57831108945516,6.102743274029951,7.43467894572705,8.273117248035087,2.155921421689984,Business,Product Manager
8.331112228298155,9.454588713486087,4.136761723195257,7.727117259847115,6.590906322793355,3.7602461606006634,4.980759238442807,Tech,Data Scientist
8.134460936085437,3.847460634776732,9.42905358870137,7.42094788925667,7.384236017418477,9.24316366287332,1.8717549204017363,Business,Product Manager
8.138070334177696,9.421182130769392,6.359991613573438,8.105089339112093,6.285826139602543,6.936601915877508,3.9755060010910848,Tech,Data Scientist
6.597981593996923,4.4118256060915195,8.640899157455541,7.478919336719266,6.749443668610212,7.060594258924606,2.1424158086628893,Business,Product Manager
7.304083775908809,7.992959259433804,5.817040969399357,7.272863287513965,5.757421378955556,5.094318447338045,2.7575427772052006,Tech,Software Engineer
6.221746231542827,3.4704503555701707,7.468197843557631,6.152926500491396,8.856425442934366,4.6400307472933395,2.1114535654683793,Creative,Designer
7.033252021213763,1.6545289020671057,6.574432978931395,6.604150446186177,8.003684203246118,4.37331143220525,2.724703148345745,Creative,Designer
7.810519788392252,8.158861179235203,6.4959939896871,7.902468334942967,4.243278217521418,5.86079503208552,5.0,Tech,Data Scientist
5.61483953582171,5.535705021654426,8.441695864004025,8.064398640134248,7.542020969143752,7.510355876370491,1.4513721572262674,Business,Product Manager
7.470034734434757,7.370452474895931,4.7549983975897945,6.778543043308394,4.525381597984493,5.113792231676451,2.3176675594465252,Business,Software Engineer
8.293934174847925,6.439178908994457,8.92362353661716,7.758561684932728,7.87393249738423,7.7665993198345165,2.39273832781925,Business,Product Manager
7.221879871323376,8.161703134045252,6.561005750463266,7.470896593174306,6.330693938024733,4.764794842585981,3.026277687414362,Tech,Software Engineer
5.424580243381182,2.076834875971807,5.638099778400187,6.550297672664839,8.846188311342774,4.989146998845701,1.9887446456917761,Creative,Designer
6.1106411449954905,5.67460960948464,8.362894135625432,6.723479982384057,7.9276929746418165,7.8516409521645025,1.5154495610914371,Business,Product Manager
6.187563580408061,6.018929910199867,9.152548139776039,7.983690468804603,8.974976356749433,8.148603442745287,4.0,Business,Product Manager
7.889335006553537,8.349533186943969,5.621435298173441,7.1325001534559975,4.401890340201149,3.147649756973502,3.8225959066249815,Tech,Software Engineer
7.111116079265953,6.945225566389285,5.106676142112618,8.431133333734964,7.244947378646446,5.0255266179365385,2.0,Tech,Data Scientist
7.5775184035679235,6.0093347410433315,9.212202624755426,7.510544775947428,5.054950167338374,8.713362254918774,1.0,Business,Product Manager
7.101895648606441,2.3212118261578216,7.8116604137066465,6.054279226337801,8.34527740328362,4.121364211420321,3.0025636082362794,Creative,Designer
8.704009105706923,5.092118385820434,8.267726090772792,5.5243346281300125,5.379797649560869,8.403527629516695,2.249356131300178,Business,Product Manager
8.649282748978239,7.498966853794766,7.351944830491825,7.022121145899857,6.844872812454428,5.081583951261306,2.970280497234426,Tech,Software Engineer
9.069918485954195,7.86094488867509,5.504057388329297,8.0209129464956,6.242496791271222,5.694230694299082,2.9324895422133066,Tech,Data Scientist
6.9997475688614825,8.460099633092781,6.591264659933235,6.770633990905537,5.877315362504873,6.595271524489916,4.647378991117057,Tech,Data Scientist
7.419819148371397,9.915622759191649,5.378613320775614,8.870791362989076,5.097072821912974,6.524730314161669,4.107960772884691,Tech,Data Scientist
5.5,8.36920443353717,5.859710855668246,6.786726752587877,5.826585341326099,5.6846444433661825,3.7945525717322406,Tech,Software Engineer
6.238578792826963,2.3405023038267303,8.47756944987541,6.111808142948919,8.489641084331012,6.705756602990874,2.2221117129060914,Creative,Designer
6.728346005352825,6.5,5.082615887010393,7.833059772048533,5.706808413351238,7.630954278672469,4.684794695925838,Tech,Data Scientist
7.436261389704094,7.838349727551687,6.396776096656957,8.856422780333935,5.606258827775428,6.073283981305324,3.5873289664676964,Tech,Data Scientist
6.5295153551469225,3.741497012629307,8.792988317242651,5.5,5.524925683945,8.07541327931943,3.584923396290388,Business,Product Manager
7.673179005991363,9.205641830731343,3.0,8.931407068124422,6.17506215189234,6.293412026894218,2.3240994041267826,Tech,Software Engineer
7.80851549802158,7.078852256640322,6.379275634956317,8.375997347177412,7.359187575240437,6.418622370506037,4.085496847319607,Tech,Data Scientist
8.606438145885093,7.655205112934563,3.9669602671972113,8.348334258809814,6.2922969119380365,4.255377655221606,2.0342663870984654,Tech,Software Engineer
6.094917370030007,8.734286579582077,6.6269639429693585,6.795138124456349,4.663077418589565,2.5,3.086869172739858,Tech,Software Engineer
8.07390570236327,2.603592818585358,8.657329212223123,8.527332691292896,8.28243072588253,7.958716013552721,3.315461111631689,Business,Product Manager
5.496111863988647,3.7275336936257992,6.970651941750051,4.909487566369405,8.667879050892141,3.8564764307093435,2.757474809544192,Creative,Designer
8.621071464154685,9.06767242060006,3.8337697466271066,8.246208963959447,6.204855087635709,3.0736745034409187,3.2805620929833474,Tech,Software Engineer
5.7061009067222805,4.870559132217799,7.590028940206273,6.456144642809731,6.802280984628279,8.153361954858193,2.0490542247294865,Business,Product Manager
7.0887356228811464,2.90158259134222,7.044939227044468,7.363508928451527,8.343547801418044,4.808751443433447,2.9451451183602892,Creative,Designer
7.474725232406371,7.7717599071824095,6.140035483237787,7.9289426705915815,5.814680139889711,4.0520163753588765,3.403943883332859,Tech,Software Engineer
8.97001506946528,7.70858746614206,4.508037350830237,8.185949738818042,5.097576905207488,5.123424967469729,3.734729784251903,Tech,Data Scientist
9.303158469361207,8.95935969583669,5.686677199657093,7.104851480905556,5.405427148130606,2.5,3.5061123367369285,Business,Software Engineer
7.090124500825747,2.0,7.861541653404142,8.608687620860373,7.697769108322721,8.499130878940024,3.206067849168387,Business,Product Manager
7.494971822956755,5.201002888022749,7.57390599511952,7.532832680052809,5.371542388203276,8.469371027336479,3.0335044693710804,Business,Product Manager
9.690692302829035,5.501430656842869,9.139598884690656,8.25954320239802,8.531515929466973,8.147942661679405,1.0616670846272944,Business,Product Manager
8.903177834176713,7.897447288110612,5.359843523037473,7.540415027447008,6.650592787824701,6.317579588323786,4.234523414644156,Tech,Data Scientist
7.762743237172233,8.059891234273284,5.502576176699724,8.991667147675882,4.821696376885134,6.360585376659428,3.647479153995872,Tech,Data Scientist
7.714673264373039,3.0245911231684826,8.585702941017058,8.482425257439726,7.6381366924343554,8.411289391809275,2.4328814782038206,Business,Product Manager
7.900365916881331,3.0067345341016223,6.031357195038534,6.053114144172717,7.8590345220882885,5.946750980175984,3.2718801970522176,Business,Designer
7.847323241613559,4.800990600688737,7.248142144626706,5.923405276976514,10.0,5.029690070537527,2.34309126851221,Creative,Designer
7.5246800354425645,6.698547931050391,6.27212950771387,7.776405832748957,6.232676211354704,5.524037360075787,5.0,Tech,Data Scientist
7.463087778082735,8.28080852439612,7.355312036106696,8.68700917777955,4.0,5.834803401933286,3.857626858586062,Tech,Data Scientist
8.285620748621305,3.8868263287992035,6.121650121158856,6.812594993431228,8.98038700489359,4.931712761827788,3.4065313737825385,Creative,Designer
5.742388275457753,1.2916001070466523,7.431804699211929,8.5,8.543324844444635,3.666566273710739,3.5199997315437863,Creative,Designer
7.455256364476847,9.100287204806627,6.045470517931198,7.857337742269514,5.6478664495117705,6.085540104108683,4.092355251491263,Tech,Data Scientist
6.125204925209917,3.070994715424948,6.353794735652738,5.811980098438065,9.881114634683072,4.759731880499789,2.420735621306911,Creative,Designer
7.578290546798517,5.4908051439643915,7.655425466709767,7.1893588194813915,5.0,7.802830425937781,2.13290957492027,Business,Product Manager
5.601269125038401,5.723413101197555,9.22807427731484,8.44144702594311,6.777121275702385,8.166579412798411,3.024835887560686,Business,Product Manager
7.782852579497606,4.2909905253345615,8.410578740379442,8.478709158133618,7.976835664833725,8.170623197567004,2.031003432185244,Business,Product Manager
7.629849656781094,5.447239866803646,8.786761389143743,7.307152551700981,5.538296689991568,7.935615000916147,2.7914577036972688,Business,Product Manager
7.339210347887499,7.744689151083469,4.942737034431676,8.645594491879198,6.336296969180894,4.537244022172207,3.110842864028389,Tech,Software Engineer
7.67125821533301,8.9956598390539,6.628756438461614,9.428604793596794,6.183234437221906,4.15308406510745,2.7054726406034675,Tech,Data Scientist
6.16356581993284,5.836391648089559,7.617845508292145,7.733587589014385,7.432421568297505,8.688098047095666,2.7358696732421333,Business,Product Manager
5.901241533291935,7.776829493090463,5.736832892935663,6.577923978378294,6.708062843517985,3.556764096918764,3.070907091307859,Tech,Software Engineer
8.294685290160526,8.761925587259064,5.629056338478206,8.851010951972968,7.0684715559890385,5.756165822150885,3.987520714158957,Tech,Data Scientist
6.149397537496345,7.479671897777677,4.908407519007147,8.605578731052136,5.160496609112524,5.768256391194511,2.869347037710736,Tech,Software Engineer
6.900083353304014,7.785643630422801,5.933612509991045,8.385735911701005,5.444672781180984,6.018692374799653,4.610172654255862,Tech,Data Scientist
6.279767425986101,7.664320435899957,6.933921574588896,8.256198146424778,7.2873982896858625,4.673990739575249,2.378200926978586,Tech,Software Engineer
8.104105210452328,7.68027851499035,4.865303991484713,7.78243711809641,5.3082525802698655,6.071426979587546,2.6803919507892835,Tech,Software Engineer
7.028827493384613,3.3779626260340736,8.707948493346882,7.147873289497342,8.503960020924248,6.399877102601935,1.681868895243857,Creative,Designer
7.345591940805287,7.052493411755513,6.56402915942705,8.865113391425323,5.0030890107033095,5.362364891023125,2.7196867823936195,Tech,Software Engineer
7.488230253750134,1.0,6.040132074655085,7.283239969445404,8.359738251547059,4.588237320919701,3.84762050921152,Creative,Designer
8.267528251906949,4.753037522505704,8.15902955283042,7.8602789174787056,5.0,8.54180657478837,2.420652201512135,Business,Product Manager
8.564277667577391,8.040812179602856,5.275523533446722,7.057509946531064,5.219348597254415,5.833604733954091,3.504725480083378,Tech,Software Engineer
8.164233251497638,3.3150430361161707,7.362857920182391,6.3175369016730585,8.081521082119366,4.960847816936683,1.8304722240149784,Creative,Designer
7.486174047890712,3.5384978536410827,6.787970080101053,5.985063359242854,10.0,4.601290484183712,3.0383465415747315,Creative,Designer
7.255251775976101,3.3513096759879177,7.899183993785311,6.696486817410918,8.94605470731136,6.819702758378588,3.175781871788039,Creative,Designer
7.230327106926698,8.31293760720586,5.792921763649675,7.9725089295679235,6.185325649415382,6.181088228672933,3.5285932128927877,Tech,Data Scientist
6.79853755938705,5.676229046006187,8.524938532514785,6.872198514063323,6.420654104550943,6.98200296076205,2.703513224506776,Business,Product Manager
9.240414136669369,9.868387680626423,4.149200131095252,6.666120199958565,7.284918786733851,3.7300627389948353,2.2419670933666564,Tech,Software Engineer
8.159379866768822,4.961722253045991,8.375575993455712,7.509721876370413,7.149203012801604,7.838641208857999,2.185361599161207,Business,Product Manager
7.925778478224728,7.992603269695545,6.6209480625659385,8.427175862837458,5.984057831271565,6.155189086984209,3.5181162107457027,Tech,Software Engineer
7.011697961899357,8.6697699912085,3.441660072332914,9.176085805255392,6.402652446306499,4.781000188819686,3.7604372079999155,Business,Software Engineer
6.535233702938803,8.664018976278017,7.089638552619187,7.430379438161231,5.60311430129609,3.6624596443184876,3.1165658771581533,Business,Software Engineer
5.75798657511026,1.6461924804531425,6.451630636765928,6.391526439238861,7.489491148296624,4.2359247804075,2.8082684505458837,Creative,Designer
6.588918617083216,4.490919244042619,9.044302286098315,6.805892850388825,8.691638508209246,7.75235518065616,2.0218357388903776,Business,Product Manager
7.8869927299088385,3.2284606817323214,7.4323761925657985,6.582087890834879,8.972904695238922,4.6906728107246485,3.361080670675861,Creative,Designer
7.39458420869042,5.465856679034855,8.398992011529113,6.972135914172032,7.209884603324161,9.448795214214172,2.8886680519955967,Business,Product Manager
8.902415085879442,6.5,4.703361310096674,7.461690846483785,7.461178866720329,5.810845681211227,4.413853792368982,Tech,Data Scientist
6.58654690272261,6.9376801977342035,8.274020540866037,8.425248208859266,7.152027417907961,8.275404934191577,2.0911794667445944,Business,Product Manager
8.718252326728438,9.466043252861592,5.2298504803485875,7.489843475428351,7.335784336320232,5.289521614635434,4.923057113653245,Tech,Data Scientist
5.540291593949227,4.80609845264131,7.826416953816016,6.676881349505384,7.143527984428192,8.792468230289032,1.483069717266497,Business,Product Manager
5.878164009395595,2.732205426324817,6.224241475561784,6.512113701131224,9.06718337413573,5.441287671128638,3.6690607334984255,Creative,Designer
7.696154790568084,7.322397274494241,5.305653953922471,7.938990395981567,7.427485283684504,7.521125343036273,3.5312486199678816,Tech,Data Scientist
6.689958277220866,3.742846083441443,9.145751416193093,7.840775391454232,5.359744563295662,7.319686560424714,3.550865104679047,Business,Product Manager
6.07613165036306,4.900258813963446,8.448410645267796,8.11888723605811,7.691500647803203,8.49411541705909,2.8896316659742878,Business,Product Manager
5.177713604099816,4.282792856102714,6.01024391987522,5.600747901835954,8.684044667021185,4.3317491152687895,1.8185850123586906,Creative,Designer
7.309439577710045,8.69897555285578,3.1820884179373428,7.461179769323183,7.7975141778047625,5.158815807683207,3.3543305353354684,Tech,Software Engineer
7.006279989081461,6.638752551245654,8.128962510520036,5.879569177439238,8.903743996880289,8.845914007850235,2.4509909988310397,Business,Product Manager
5.91406610919635,3.9929268206415043,8.395037231922322,7.140405952570414,6.955761156361448,8.284078663274732,2.04097957629738,Business,Product Manager
7.543144251072878,3.521008022418681,7.52897985021249,8.63967410145243,8.435108108579866,7.507114947530121,3.177599163187705,Business,Product Manager
8.143226619855527,3.940300192791079,7.4129576200495695,7.706514328012586,6.729828811712079,7.923342673779572,3.017528217972432,Tech,Product Manager
7.779886199018653,9.345447180110956,5.334168884306757,8.974622683673184,4.317130228384196,5.131626467015647,3.9302024520840044,Tech,Data Scientist
9.953578106097142,3.196711700865025,7.294094020014905,7.959124844052097,8.576382131070567,8.351671725554578,2.900569694131092,Business,Product Manager
9.382958115524474,7.111828629414586,5.95472215405789,8.821870060849395,6.434766074466618,5.086228321646891,3.692941628387167,Tech,Data Scientist
8.493451359751823,7.1002589941975565,5.1584123673787285,9.083743372322024,5.5876631277952695,3.9414736981434384,4.1550501675064835,Tech,Data Scientist
6.945426534008375,7.344507615420433,4.329079979261211,5.854444219702648,6.5298287890155295,7.1706974504993255,4.440263154776244,Tech,Software Engineer
7.768147257109419,5.590071956720765,8.401493581036675,5.5,6.049720473559377,9.808951326844866,2.1174235448801353,Business,Product Manager
4.5,2.2143229717324973,8.004507551606157,6.37921504780414,7.80809376082791,8.0,2.7768466141481882,Creative,Designer
8.599547119782192,7.743604340255683,6.397790081941852,9.071373997368633,7.327686132267692,5.423948271801247,4.882868711655518,Tech,Data Scientist
8.317593043599071,8.054347335581975,4.897347883165535,8.159042310546722,5.920270436143191,7.477317283309104,4.515370662810728,Tech,Data Scientist
6.845726275832661,2.5571138158582025,8.39110015531361,8.471108675312502,6.122170539869259,8.811007505340783,2.7320791865935847,Business,Product Manager
7.608596068302263,5.979436491970811,8.12272306400152,8.39607132550605,6.5788960129632486,7.111568672382182,2.598818313182848,Business,Product Manager
7.158291176236644,6.857715042865695,4.672623045125728,6.68180740025698,4.928783927974186,7.401155721908184,3.3451292537356565,Tech,Software Engineer
6.468645299323498,1.5565532030631604,5.837369524914049,6.1506647629285025,8.684312420984295,4.877191797654,2.65838913113885,Creative,Designer
6.510307488740093,8.487438688301518,5.666013679487145,8.021353774188839,7.985863766417625,5.332747437453016,3.6880654136513034,Tech,Software Engineer
6.382420024009447,8.136745132448922,5.620612530031409,9.700617130553026,4.422684344479633,6.76641747978816,3.419873931189824,Tech,Software Engineer
5.796145954885706,8.4738185265829,7.232591110369604,7.939801672020576,5.9706250785397925,4.327460637436309,3.3248377603908432,Tech,Software Engineer
5.376028237570566,3.4399239666876644,7.99662786898701,5.391937567670849,8.998409005021246,4.362477746517318,2.5560622632486703,Creative,Designer
6.5778567242673045,2.6293869464601376,7.8261896681068635,6.280242140164148,8.22721097275708,3.612126454766993,2.4469484048834538,Creative,Designer
8.124343462134773,8.316580767559284,6.253155347577867,8.200067514473131,5.2784419664571525,5.848143687840639,3.722170721269208,Tech,Data Scientist
7.758335154538222,5.03066647444392,8.251261556233652,7.1027559188706455,7.3363867161887395,8.74020299442696,3.9432594069121256,Tech,Product Manager
7.532422253729914,3.9081337853929075,9.848304946823289,7.512038231444277,8.361926149665722,8.509136330183976,3.0784851169252807,Business,Product Manager
6.718625912423298,6.991629401233714,5.760643472700544,7.424896095096066,5.360012295470291,2.5,2.3021460242446645,Tech,Software Engineer
6.9842060883957675,6.044210715174604,6.772189675402976,6.348452883677492,6.27117097935458,8.249344112231233,2.2439982500476536,Business,Product Manager
8.327862765862955,8.554521201202014,4.092046658222557,7.908449398188431,4.0,5.539665919477575,3.7962936222205235,Tech,Data Scientist
7.968081822665297,3.7865167513318303,6.761089965213782,6.945112687661121,8.264153289270427,4.862615905860131,2.429244309099683,Creative,Designer
6.936279453232864,2.7803383280614424,7.364940653546815,6.4709383711283,8.255313310697586,7.535453554612529,2.518656496311587,Creative,Designer
8.836425819831744,9.068870953449009,6.4027750482523675,7.799711138082479,6.485161112545738,4.919290598943255,3.798885878845321,Tech,Data Scientist
7.488404562461434,5.725059385202969,7.861323569707986,7.537085460103458,7.144635888355826,8.863318513311828,1.7823745638890771,Business,Product Manager
6.312383900535062,4.433177936820007,8.30425828836136,8.526188531043061,8.286682525480082,8.036632481312795,2.350232799297432,Business,Product Manager
7.892069284416371,5.482925002694566,7.871930277298631,7.137153590762956,7.687017754396237,7.637932607412272,2.2126262083894894,Business,Product Manager
4.529984968028424,2.944546625192085,6.7599050878955635,5.573005627592653,10.0,5.427188104042362,2.4738153827164533,Creative,Designer
6.846160691552471,7.947429880527186,6.283981003314454,7.645195068342175,6.831031857667974,4.023607316992003,3.4744450009819525,Tech,Data Scientist
6.894811271146091,1.7853316726914386,7.5141137485533,5.116240902939805,9.949914011356341,3.6126658871838515,1.9259565836932697,Creative,Designer
7.428900140770812,6.814852810047583,7.035807896314338,8.479480498048343,8.382602282684074,5.962207458597431,4.1101625130096116,Tech,Data Scientist
7.416570450901071,7.626974240747727,6.833910377733742,8.202394632959964,6.340209976868338,6.237087166422409,3.5001268296819124,Tech,Data Scientist
6.44141971502091,7.677915257801387,4.806909238718764,6.548560613275553,4.748112727101586,4.826858745775694,2.326625265290874,Tech,Software Engineer
5.985119328933855,5.546818415954123,8.448667662015133,8.534439156862035,7.159740359230919,7.175868511458432,3.1762907767028743,Business,Product Manager
7.866457655913148,8.735098280480711,6.825085201248154,9.201380006852155,5.478677081362715,5.021051779761642,3.4167174632704156,Tech,Data Scientist
7.263101842859895,5.185408879549256,7.522704981589633,8.165723257571631,7.937408787353773,10.0,2.2367270666082923,Business,Product Manager
7.866537504361922,8.609646983516596,4.230957591960263,7.642603245449761,6.822407225360472,5.9324875507890775,3.223771370388852,Tech,Software Engineer
6.600769597802089,8.329444399277564,5.6903078536174485,5.829319589596989,5.619692977150466,5.016886499448206,3.1278806673830966,Tech,Software Engineer
6.902440753343521,2.570527354105499,7.114746305589588,6.131157414797034,7.692633237793471,5.510507514882531,1.9195477335758784,Creative,Designer
8.222860731609444,8.012586699678764,6.536583126605435,8.539972717948919,4.063033067294585,6.2332299354704865,3.0143844641357593,Tech,Data Scientist
6.892397443070885,8.62316321658849,6.122006461086002,9.152603255757018,5.59705805632463,5.451253243547134,2.111955616698051,Tech,Software Engineer
8.389697918218783,8.33220520160037,4.084967331407933,6.275767470339606,4.372863597813758,2.878853464472743,3.3875882875576697,Tech,Software Engineer
6.283516020874868,4.622966840523788,8.105904762079781,6.637789559368894,6.315208265107553,8.521131491403004,3.1968775297138774,Business,Product Manager
8.097918306815938,9.046111074392897,6.03238052334668,7.265254387435875,3.692310612385597,5.923083449644554,4.277382932974074,Tech,Software Engineer
7.980453033930686,3.11518088315279,6.495659395082078,5.4621767412223505,9.29211782133179,6.860755596026716,2.7595300788532557,Creative,Designer
5.309516245311645,3.161524652153847,8.448112161823879,6.118768965453299,9.113400521066549,6.10046672151306,1.9707016806683195,Creative,Designer
6.636873320689385,3.4878833420195665,7.326698042104576,6.867170707019694,7.447187685341573,4.002881379301783,4.378817149450937,Creative,Designer
6.781808548683552,3.5781549168645217,6.661952924718467,5.981326909423196,8.681289539251898,3.9789880126715103,2.729658072464082,Creative,Designer
5.284201701491124,2.1753774287953873,4.5,5.819083333825859,8.5230495121118,4.939025106032318,3.686141871587008,Business,Designer
7.879375703226639,4.1465174944060665,6.5,5.584647412212769,6.283694149633183,8.724978582874066,2.5796596957382074,Business,Product Manager
6.4331268476823755,7.98891263636362,5.979032682213646,8.117263909140293,5.972017543469782,5.748115823461199,4.55811968787864,Tech,Data Scientist
6.927636218879745,2.679759257698567,8.5595472694493,5.396517462776159,8.285315716767768,4.433200130411992,3.058772040760488,Creative,Designer
7.631344464730296,8.28636968853003,5.811375446810988,8.47606364483697,4.034779684697151,6.16858288606077,3.3066255279663412,Tech,Software Engineer
7.505827717041388,5.052262367322076,9.095480374499456,7.57444638167687,8.469145795771743,8.54753027180794,2.936928990728673,Business,Product Manager
9.063168472349592,8.771114584309874,7.041820066890062,8.643293201059274,8.327653100346085,5.274322142247351,2.1971821663467885,Tech,Data Scientist
7.450558620417374,9.206151856415671,6.89099379027184,6.220412715589884,5.48764455834413,6.629745315040712,3.706463284159252,Tech,Software Engineer
9.27062088571941,7.440013299234754,8.260298170524079,8.01965484061752,4.722983555029772,5.576911539094308,2.939003839744985,Tech,Data Scientist
6.8995247560451345,2.632404533839814,6.072426318178605,8.421674985065941,9.502244108732427,6.4041309212195445,3.2610313533745683,Creative,Designer
8.664661205518218,4.429149339233933,10.0,7.063143417377289,6.510184349222098,7.331957720248774,4.0,Business,Product Manager
6.31940320796271,7.0,8.600205982533389,7.842746327553906,7.672586376575338,9.801709180265314,3.054755188170825,Tech,Product Manager
7.040609502947076,5.120080771050789,8.189560258580062,6.042682114734327,8.806191714687863,6.476476882462305,3.6977024158679255,Creative,Designer
8.154294484301724,4.17552413303597,8.89170496398925,9.62379474089665,6.882080677355153,7.963077613874277,2.583064918806797,Business,Product Manager
6.362773298163744,3.736144262261055,5.2452899269201465,5.710118668446194,8.00458799597523,7.4486602107354205,3.5005244254826406,Business,Designer
7.353457367417684,4.151921071275298,8.303306306123893,7.730842780599186,7.591728561453958,9.96136906068722,1.9082756745157021,Business,Product Manager
5.0,2.379645722243935,9.437301582465768,7.138870554612159,6.524347843561399,9.614128234748987,3.3856119618418288,Business,Product Manager
6.715698713885952,2.9580802887576714,7.231054492599651,6.529387661492459,8.841365333117514,4.79488249241368,4.1550129926099935,Creative,Designer
7.014418336270974,8.158512645141764,5.599880025971053,8.04431242429551,6.880856204950871,4.6467827317673,2.9350750431077133,Tech,Software Engineer
8.350463233843755,3.0859990650052156,4.5,6.206014567215378,10.0,6.4530028584835435,2.151288844953129,Creative,Designer
5.608470545327964,2.2589814202211054,6.018808973852994,6.822360213834468,8.63751201665325,5.303570835316761,3.2775567178471063,Creative,Designer
6.64232131528739,3.3987492305996887,7.349288916321385,8.457788539972208,7.819750530880999,9.081332295982504,2.5275191462170072,Business,Product Manager
8.009156351273173,8.223908578820975,6.244212378104198,8.037668812163561,4.917572802611713,5.3338429346323775,3.2031213946779893,Tech,Data Scientist
8.574256714670739,6.563507672163672,3.284487145648181,8.216254789697796,5.860468448117368,5.3005355603129125,2.2388831173451607,Tech,Software Engineer
7.6196958949533755,2.9196899116404644,9.2666102603844,9.510683772717957,8.101650572594467,9.441587813781176,2.5597599671218116,Business,Product Manager
6.438334680793459,3.309002356085701,8.832337024710338,5.276352238300109,8.942244853375733,4.620376835472591,2.3623962233240037,Creative,Designer
8.932511521562267,6.878712360174708,8.337210536171794,7.557579940231969,6.863901330285437,9.18480503320223,2.269756090766636,Business,Product Manager
8.082605964894684,5.664597577036477,7.503447818526555,7.943941014455189,7.103219630160543,8.743464003705913,2.661470611666438,Tech,Product Manager
8.612998636499052,3.3023716880473466,8.018187972040185,7.932300866293241,9.47871420996796,9.484079362971134,3.2835780133988663,Business,Product Manager
7.6065131220493845,8.655781454556188,5.330946385201781,8.808645163311713,5.343528855775277,6.358681486615097,2.7845063038295814,Tech,Software Engineer
6.021471505242234,1.0,7.040421354128091,5.799785141243738,7.758360279247704,6.694170343271464,1.7538664812920484,Creative,Designer
8.076891647455476,8.209465272216883,4.386047763473022,7.613937039249924,5.216319643193819,4.3658886426613694,3.7850329248869663,Tech,Software Engineer
9.515265693272758,3.599997916501786,7.8940795388796605,7.224492856386042,6.7588000649651025,7.587983400189119,1.0,Business,Product Manager
7.729324931315414,3.5995845197903775,7.004347687208954,6.526108010044371,8.744884945432437,6.204863647677906,2.8249078823559817,Creative,Designer
7.270852647210573,7.094139481781562,4.416326164458091,6.725242489328787,8.0,7.162090337296576,2.9706004658522804,Tech,Software Engineer
7.815634121805643,3.763098269586758,7.012954632584023,8.101699808931063,8.210785167397386,8.264003833885596,1.1274080810713274,Business,Product Manager
8.382023469813436,6.953814097874062,5.487897958121062,9.296432790891306,5.515969868427324,7.967212343643284,3.798464117458923,Tech,Data Scientist
7.571602255700161,3.6286267167763686,8.595764740511305,8.101575916757408,6.597286714735017,8.341465679194279,2.063478243259448,Business,Product Manager
7.663182796075278,7.5708451014901685,6.406869768623478,8.329035671755314,6.454659528447786,5.894598687829979,3.0832574958737533,Tech,Software Engineer
7.222274147178003,2.619567239017988,6.5166568262925,6.91100195982526,7.659701704457791,7.256730645836081,2.9459113717791006,Creative,Designer
7.996672894378163,6.5,6.809336273861129,5.5,5.183950974443874,6.230417641109306,3.046170619798047,Tech,Software Engineer
7.713143505109224,9.822325969819335,5.001217871794548,7.733827071124958,6.824921693125399,4.803255799967604,2.8352318491748134,Tech,Software Engineer
8.879983720273668,7.880994209121945,4.955794121139131,7.944714722391281,6.217231194810525,5.277708430071655,3.3376847135378753,Tech,Data Scientist
9.524048171251575,8.032018829286162,7.953691026701081,8.125361080277205,6.131057826046145,5.902021919907118,5.0,Tech,Data Scientist
7.79934693055354,2.7179709522100555,6.168184310917219,6.122042444254314,9.330443732655331,5.249837306168778,2.4026202377650354,Creative,Designer
8.617838984491986,4.42677917876591,8.40093215714478,7.1943554769540885,6.399188706332522,7.125088455747767,2.943007826490102,Business,Product Manager
8.020937156379102,3.633606552315946,8.47943151953354,6.354342814134241,6.6199898116055556,7.759002642109109,3.128988696099831,Business,Product Manager
6.175996289053598,8.702438934701492,3.0,8.083554610114842,4.307894164527008,5.064149495140969,3.2046649301376635,Tech,Software Engineer
4.986238373360024,2.867654326642514,6.327559787927575,4.975617791923112,10.0,5.843793905380837,3.179853058290473,Creative,Designer
6.458202772124488,4.003476290877664,7.87931565643212,6.068553202311209,9.21628314795913,5.232119154102652,3.857708715262781,Creative,Designer
7.390314137127525,3.837570325186108,8.175893495055526,8.717766219787853,8.519582537663114,7.6465654565837955,2.470296332944624,Business,Product Manager
6.6368057099117,7.250266949483589,5.642271112504785,7.873289098196218,6.038581122980917,5.1570790360953085,4.639471688434726,Tech,Data Scientist
7.144148337151982,2.265926531856472,7.11847806679658,6.072532372392662,9.15084582897995,5.629913811507106,1.0,Creative,Designer
7.880060117212824,9.154769653795439,5.607802105509321,9.604060607254949,5.421960708268523,5.388907066784056,2.6609554040856143,Tech,Software Engineer
5.828851204869329,2.522397706666821,6.000663535675026,6.642647199194803,9.610578336795886,5.29747577467112,1.7830006720700773,Creative,Designer
6.7729108760670895,8.77744521232837,5.871474776877106,8.15094052333692,4.947101489296051,5.132098210408536,4.840035675759166,Tech,Data Scientist
7.285495502732109,8.01030616250359,5.9007352961147435,7.387945675416947,8.048755650863287,7.463685242279344,4.708838946844343,Tech,Data Scientist
6.588935540889286,1.5354676316864113,5.77276940331234,5.549302063495839,9.39075734962409,5.1011279545193915,2.441706870578831,Business,Designer
6.755094044835576,4.978778280842815,8.959950311691284,6.858257626477817,8.146669374474769,7.087446462789224,1.6266605405993453,Business,Product Manager
8.358659252778528,9.048776781992458,7.84739399760333,8.447696065527333,6.589546886035603,4.2340490398958766,3.7296986060675033,Tech,Data Scientist
6.801113167100693,3.982916206461762,4.5,5.46823882573719,8.911367369532305,5.391250572441486,3.12270099402138,Creative,Designer
8.466124193590165,9.55908044486895,7.377411888977694,8.55126934314366,7.743934526167792,5.982892474612129,4.462390541437647,Tech,Data Scientist
7.8782040385271275,8.218082634711124,4.784380017553849,6.893208784447942,5.087662935587291,3.944588445609269,5.0,Tech,Software Engineer
8.12815247465366,8.968616141719748,5.354338967232653,8.466456298094604,5.9741371520461435,5.845299032603309,3.133304955240475,Tech,Data Scientist
8.320114240112051,8.458862896545215,6.03832233283225,7.266711666616425,5.862698303236714,5.129041016064361,3.472078508655229,Tech,Software Engineer
7.66111471483133,7.53147042843013,7.012601287753645,8.393327775856669,4.225037940357872,6.0669514431908915,3.337968890115479,Tech,Data Scientist
8.118985018439885,9.270306953378526,6.720086792641345,6.06718829798269,6.101552306812904,6.218618259779515,1.9733315475342037,Tech,Software Engineer
7.921697500655583,8.826310408346544,8.0,7.307575897718558,5.002117236381505,5.513355677896559,3.6511928235111157,Tech,Software Engineer
8.096344816340032,3.7744816605845513,6.826092430375463,5.775062279233611,6.06652823996448,7.249465825440051,2.3917724689660638,Business,Product Manager
6.825167995543934,8.111336510260118,5.297406678833256,7.256860383596614,7.571341242267684,4.881864797230545,3.1048831118581295,Tech,Software Engineer
7.043328283528768,8.438275232707024,5.730597659797276,8.20999529498215,6.480746658905909,5.991184293632939,4.3323080871782285,Tech,Data Scientist
6.970061934980775,7.012892979390824,8.036913528321314,10.0,4.8284333711746585,5.094926147533166,4.073244440752408,Tech,Data Scientist
8.514661435751236,7.644855389426369,6.1948781332799285,8.069245681180389,6.3375745487989334,7.048230047445088,3.8724679255213963,Tech,Data Scientist
8.298083148964265,7.908738025504862,5.295447655095346,6.85780141676668,3.5,3.3463888677825606,1.851505056015684,Tech,Software Engineer
7.912212654695853,8.31744814672371,6.9668228717842435,8.29694235943957,6.130764187911544,6.4061284450638,3.752573883179254,Tech,Data Scientist
6.268499132203994,8.148355590768578,4.598270678352072,7.6002153864583,5.411366818933182,6.772872397969603,3.705266523352203,Tech,Software Engineer
5.315315356337676,4.033809441398976,5.095900374352594,7.226855913576541,8.62309438119886,5.267298736611418,3.127800975698632,Creative,Designer
6.195132137006593,2.473146804012823,6.554498510264499,7.4487423498227425,8.287594446966,5.430912604541649,2.9466737711987365,Creative,Designer
10.0,6.878410688539141,5.856413776608978,6.815828920242985,6.37740257751925,5.055868967993433,3.9094838192339707,Tech,Software Engineer
7.777530191740274,2.1568673419882507,7.083286798150645,4.660610094535431,7.371398804546737,5.850120322918427,2.1527205862440733,Creative,Designer
6.635478227187586,6.54590749461139,6.682066835525525,7.781825043064255,4.0,6.3633284402689485,4.017895804219392,Tech,Data Scientist
8.21627459142538,7.222989261734557,6.052471319759647,8.077981974038112,6.383393864353495,6.599806671601324,2.953171134417272,Tech,Data Scientist
6.674021816324237,10.0,5.003477103939165,7.564815877725347,4.504658815533965,7.047310109753167,4.195600544642333,Tech,Software Engineer
6.821046009164836,3.6423171465004947,7.46252612978128,4.77768576939194,8.638258224070357,3.7199500035297683,4.757054287128259,Creative,Designer
6.672673610593574,4.821795337146379,7.539571034251407,7.338053920905025,7.604833793900881,7.493352890980591,2.009941179247878,Business,Product Manager
4.936294881456851,3.2194026697539058,7.034595580893437,8.000792758428316,8.332163142151709,5.825710648585598,3.050170063419841,Creative,Designer
7.162549779135778,8.598441854747342,4.814039241815966,7.5210197845031,5.200250550881135,6.944084370963261,3.59095852027437,Tech,Software Engineer
5.176411698598611,1.4596456241515894,6.687836099889416,7.8611865331764825,8.669269305636954,6.9376995087444175,3.081544616654926,Creative,Designer
7.389413456524525,2.900788264773949,7.199103205298253,5.758399698566079,9.200467006518938,5.913303327373592,3.4926536025438555,Creative,Designer
8.041973438684995,7.737045932776801,6.096511731934039,7.998418097434491,6.1525625121024685,7.118641170292473,2.0,Tech,Data Scientist
6.894599421370541,4.84411641339427,7.193724999314397,5.913103449348747,9.336328776795199,5.236551500854579,2.4973718261086346,Creative,Designer
6.179020159616278,3.0051864486590203,6.9953809159387985,6.661812944604983,7.850380104342621,3.8032669314182836,2.0900879823980367,Creative,Designer
7.790517717683923,7.379931604678109,6.283174725290157,6.436668838864062,5.233705084418993,4.250475910141785,4.360117383099871,Tech,Software Engineer
7.433358877381417,2.9143631140256767,7.942341926505709,7.689481203710322,8.62740344786388,8.477586222141017,3.4686042528350995,Business,Product Manager
7.248290851980396,7.890350864544699,7.040970046344263,6.55744156825457,5.001846642245166,5.253663770057921,3.612363945643106,Tech,Software Engineer
7.835879261608045,4.410277294122326,7.387834514679074,7.37273759625716,7.260799935672742,8.39194712926481,2.613343557099548,Business,Product Manager
6.514023662066476,4.295508411318021,8.310589338241337,8.162160024252147,5.97756294462709,7.627240689063634,2.6910690284043723,Business,Product Manager
8.15236920440058,9.437685079938845,4.9975090211874695,7.591302687585045,3.7921069491953294,5.32008340157197,2.4491522164522257,Tech,Software Engineer
7.392570420650811,7.00326918535348,3.0,8.348489221102747,4.815005072275558,4.453366585995884,2.190846197383845,Tech,Software Engineer
8.33018608927679,8.387738902707094,8.341647600870461,7.874867986892307,5.487757270928463,4.604849998927334,4.292783538060396,Tech,Data Scientist
6.10408252888675,8.662415005049738,5.005032579948886,6.531837637219291,5.245427594359553,6.285565446715538,3.7823495550041777,Tech,Software Engineer
5.939672767170232,3.3584595763667684,5.906243661705528,4.044824441525956,9.084990862245794,6.071013297752504,2.6402945402578935,Creative,Designer
4.5,4.276470882780929,8.268763744654581,6.329833787126638,9.191139724316432,6.114366699768319,2.2857731442874205,Creative,Designer
8.165932048610241,4.012639625434817,7.477196607246984,7.304570748231317,7.449609761748194,7.904201255579431,2.8877674541967266,Business,Product Manager
8.890372713328212,7.779445413928368,5.169186279728846,8.154436367029176,7.04917362144135,4.4264453022736046,3.0715400928628407,Tech,Data Scientist
7.849626780766387,6.892147433843628,6.326976112419002,7.61575943324214,8.0,3.6798373355308334,3.2178703271674935,Tech,Software Engineer
8.463123346290754,4.090924104665979,8.38572405827146,6.3486714250422605,7.673581816311506,7.778900567945959,2.5701187465954316,Business,Product Manager
8.21910907002293,2.6135542377735828,8.42297344862938,6.84251544353555,10.0,4.188269880539274,2.2485237982261266,Creative,Designer
6.444523983743665,1.3023776904818773,8.228338306263913,6.164846392967584,9.322492753743074,4.672768405292285,2.668124494736188,Creative,Designer
6.976450785717978,8.00762432470862,3.9864950525382934,6.934466002692469,5.071389514740472,5.925839911714303,3.947297048792195,Tech,Software Engineer
6.222568902269267,4.71084054739782,9.331943758894594,5.938849652756524,7.361682012702048,7.8316971984215655,2.2405027308688266,Business,Product Manager
6.424176923131707,9.359964543505306,5.4511202155252105,8.661507386089056,6.210982576900875,5.939070590858191,2.5792824037563395,Tech,Software Engineer
8.632641376943191,9.34853699626706,5.7411595068507,7.860181017765527,6.314077223869799,5.229662349985809,4.561642922511912,Tech,Data Scientist
5.933547309874966,8.313867703321046,5.366014253541333,7.078416871890488,7.810926112400514,5.658779448892293,3.8808786891570675,Tech,Software Engineer
8.156744106405338,7.030321359361407,5.527641582337637,7.302057784260298,6.141508685536802,4.984473478275694,2.137120576054695,Tech,Software Engineer
9.376615864932788,6.756036636160664,6.5928274682599195,7.367564848673972,6.474697088463202,5.355804684243501,2.335275339321975,Tech,Data Scientist
6.179606077122244,6.094174572950077,7.774811114545022,9.311921809315141,7.732188655967236,7.487186776473423,2.134433064320245,Business,Product Manager
7.58537612610698,9.36010558994905,6.837533810897696,7.640855657137002,4.986282633559601,5.536060302163887,2.8267518804950975,Tech,Data Scientist
8.072391825302299,8.205405497125014,8.5,9.701475689025335,5.14675664944118,5.1838783022959065,2.6292463985303973,Tech,Data Scientist
7.708425553145621,5.328109698210475,7.2056461780945105,6.617010569278607,6.549087882653245,8.014155951786549,1.5465644184031435,Business,Product Manager
6.79262105286178,8.068099507620104,5.718219276689084,6.809504638322424,4.993718179315316,3.3677078748893905,3.6125800208711167,Tech,Software Engineer
6.567520536160917,3.5710969380215403,7.9475937113216055,8.69025389837081,7.795752830487466,8.312903532220805,2.1772816035934133,Business,Product Manager
7.224090940841648,7.825423852103714,5.141900487328515,7.958908423628882,5.694775865749128,4.525707025995834,4.4737450005672335,Tech,Software Engineer
8.752231571906872,8.779371774575438,6.411609732795051,8.909115167654361,6.490766708993819,6.820336884085254,4.0314873255656885,Tech,Data Scientist
9.320742345785,9.551299148704967,6.0204807867174,7.893450143091209,7.461444292242202,4.282249749752163,3.0842183848353386,Tech,Data Scientist
5.775426171812092,3.1616623863795534,8.998847853482332,6.282402070744362,8.314769137700289,5.3088613717016235,2.873741686021466,Creative,Designer
7.735782892994141,2.2443532835748075,6.856143340244167,5.318912841883721,8.510476330078909,5.211685354980908,2.2193134234502883,Creative,Designer
7.372744048070578,8.998445280074195,4.911707527959586,6.084724574997804,4.418050968636367,4.361747007268691,2.300752023457558,Tech,Software Engineer
6.355182087344799,1.728144815499115,7.19703160229398,4.51327340615509,8.48911498194414,6.335323729713817,3.0424386263461733,Creative,Designer
8.279602680772676,8.885942247810272,3.6089227527363485,7.136767093332599,4.936814337655723,6.552211962151244,2.219920705498863,Tech,Software Engineer
6.59023960887741,3.2116611250349196,6.783963320041696,7.605282210621498,5.18145514055061,7.242243227130041,2.1239643441906075,Business,Product Manager
6.737930316404382,7.439542171085588,5.7467270378997535,8.040863356229908,6.132532313097641,4.028655525083207,3.841987873673115,Tech,Software Engineer
6.460348233233201,4.6035046034700065,7.355524528197208,7.395776841025411,8.152697534527634,7.258576210069193,2.3554879691126223,Business,Product Manager
7.486198824972643,3.558889789301784,8.199964467312093,6.950911020548598,9.269697662653355,8.228215384070706,3.581662506187591,Business,Product Manager
6.731009977255514,3.2352897091698694,5.6747764896201645,5.332509922624765,10.0,5.304391702182442,2.1801824035373114,Creative,Designer
7.795334342927341,7.332027115402307,7.124357757187434,8.227689499348203,5.71720425085243,5.3831998763151665,3.9784976147249327,Tech,Data Scientist
8.742637593254788,7.455499358472142,5.6660997616264455,7.344198070968247,5.345716723312444,5.970679484764409,3.6486045272508756,Tech,Data Scientist
6.632797024723738,1.147272138309722,7.661758494203367,7.491593614182566,8.309059095165312,5.8830233175393,2.587567620296611,Creative,Designer
7.459186155454905,7.223913836472011,6.678875538520462,6.9714863440591035,6.389691705320002,5.612808502098893,3.682046008065466,Tech,Data Scientist
5.798959176012196,4.601571377895426,7.549550538926146,5.2919521291259715,8.158042213452786,6.166077725746741,2.5900974954318663,Creative,Designer
6.773321256536875,5.238831666414423,8.229787452470418,5.9924722352829844,8.577380796335053,6.016666391433889,2.1295846556594515,Creative,Designer
8.8916739556619,8.345039401864224,6.068862469796655,8.479020715237036,7.9510125601262995,7.784678581959128,3.855504908106223,Tech,Data Scientist
8.31981938137875,7.185068850175945,5.82183744596061,9.239382638228852,5.643736028938574,6.311267125313796,3.053105855992098,Tech,Data Scientist
8.376297160209681,9.29356799745105,6.743109248044965,8.052689259401362,6.398347047074883,5.623592688015803,2.422129860362365,Tech,Software Engineer
8.384114722713289,6.5,7.127438481558181,8.56353627057149,4.889569315585522,4.981322711805056,4.010973763485215,Tech,Data Scientist
6.875108163754191,1.1475770850110454,5.854743448126624,7.651681372860107,10.0,4.162777994680842,2.5364867700698444,Creative,Designer
7.556767651986361,4.866696230282976,9.015038996748366,8.177145359441411,8.226731510425243,8.298465279992758,2.712426830571669,Business,Product Manager
6.570842682400637,10.0,5.859527817426825,6.840943156738132,6.715930302279599,4.869025818126398,3.0976948429457347,Tech,Software Engineer
7.5264812180264755,9.123024735796408,3.0643938918526965,7.811153921821422,6.989622005287643,4.816368948552544,3.7401619968211524,Tech,Software Engineer
7.899992775744338,9.333309992893076,5.456411771187436,7.542199986167743,6.202306191831194,6.4288237095338525,3.8091408444485273,Tech,Data Scientist
7.908734433946973,4.445330247894551,7.9103091513478585,7.21929781897014,9.018575728898249,6.912019134363654,2.849851673007059,Business,Product Manager
8.049760424769769,7.952639653392892,6.369432824662789,8.381626807040377,7.091686465658673,7.1339850880637865,2.606867089072449,Tech,Software Engineer
7.348213421939593,9.134994718176396,5.932714557279507,6.242734148023982,6.455618061171382,3.6984672530765144,4.430010455968805,Tech,Software Engineer
5.164279490695431,3.937522921749758,6.465067962726392,7.163092453610908,8.230081012609721,5.694754282260904,3.081602363150105,Creative,Designer
6.765528649116472,3.089508999763814,6.562740280902598,5.087631706940274,8.131281943826135,5.189784069871269,2.9931617276819433,Creative,Designer
4.5,1.997261987851413,9.5,6.890882073491637,8.025810535462547,5.453890219607751,2.853963652854289,Creative,Designer
7.093244118131842,7.767297831103652,5.977410805795118,7.726668973765505,4.395208452389673,6.347213905476487,3.224644339719333,Tech,Software Engineer
9.569630183733587,8.37259405100174,7.4638502336472,7.821587480439564,6.7629605732494475,4.130466738178731,2.6169926219300703,Tech,Software Engineer
7.420083197058749,8.303037001297168,7.3906745033548455,5.5,3.798454255561321,4.3481950027326635,3.311622305550055,Tech,Software Engineer
6.175505945735152,3.9699698469924067,7.9203896531047695,6.895337034214915,6.915789462460495,9.242760680254666,2.6394666288744673,Business,Product Manager
7.219093046088337,3.6232910662519706,7.1479344771827105,6.067149283884415,10.0,4.502369316394509,2.8034461138745277,Creative,Designer
8.126495267924087,8.699990650176433,7.00700828194447,6.904102404486583,4.0,6.601919937416658,4.750180074609549,Tech,Data Scientist
8.955849134418024,2.9770924621682253,8.278053316653022,7.773991970532434,6.5373541951154985,8.322661396066353,1.3800354661409586,Tech,Product Manager
7.7470059261251345,7.98487895824614,5.34695607242642,8.903518379890262,6.777791935428948,5.572633767317337,4.701792965574426,Tech,Data Scientist
6.510246684016898,3.00027010408818,7.059611347903214,8.391669089395489,9.03537377244666,3.0,3.0610391547452487,Creative,Designer
7.943455694678343,8.300865615647943,6.251142058552162,7.587571778056229,6.9001845640199635,6.3133539395310425,3.6722813540623864,Tech,Data Scientist
7.795531175548384,8.442992770629063,4.822077602988681,7.479583252206918,5.177459847334447,3.713958407765907,3.0171082067090844,Tech,Software Engineer
7.150068470512349,7.523504515370534,5.323139221832412,8.124589956597953,4.242271608643369,3.88625023006991,5.0,Tech,Data Scientist
5.45215978113018,1.9593991451584953,5.30333952327712,7.652593909756545,10.0,4.976675968756121,1.7436614825244716,Creative,Designer
8.650719429720741,3.9114454071675473,8.616114255225382,5.5,7.1649637195636435,8.049566171259036,1.9270516783127305,Business,Product Manager
6.51839421557132,2.501062450038054,7.689346253772349,7.2747518150865815,9.717027785006866,6.461776671291026,3.665099835149717,Creative,Designer
9.571266678973501,5.1670944375593315,7.9289596469188535,7.918947096749652,6.290217973929314,9.503605374871382,2.037251632935002,Business,Product Manager
7.109289566462522,8.52160502822883,6.724507375286087,7.004475504144554,6.6991967316948875,7.757953480140481,3.937568265949648,Tech,Data Scientist
8.541111908066915,4.930747728781766,8.336846510861694,8.695340958806216,8.714145226806089,9.2068549623005,1.8409236784391392,Business,Product Manager
7.023151421641703,5.492607359545467,7.235298197909208,5.998768860099813,7.941348834339413,7.8176173499463975,2.2254417909558017,Business,Product Manager
6.28787770609839,8.468533502179698,4.26642584938102,8.816119737126025,6.609194731853172,5.114526846185283,1.5,Tech,Software Engineer
7.921211612392461,7.619031519160262,6.120281789093601,6.850132452833575,4.552887527576913,4.0450304264101575,3.0022025379188144,Tech,Data Scientist
6.405120331960388,5.446689460059887,7.419470988612512,7.285407284117728,7.09669984589827,9.574329671298248,2.251711887928226,Business,Product Manager
6.935937218042424,4.34147854462425,8.481730238709973,8.940042553187647,7.580220681813504,8.880823226431314,3.31848907634912,Business,Product Manager
8.093535792826707,7.9824689270097675,5.6251229688347575,8.163152877828047,5.33744428367542,6.195865861398085,2.5050416983148134,Tech,Software Engineer
7.829588638005544,8.633977566993613,4.0474621174272585,8.269217157122005,4.99978830339815,5.759429497528767,3.2914890587054453,Tech,Software Engineer
6.74007151264208,2.7072958355785133,7.557118368674445,7.168702675231683,8.548236824932886,5.8633380433953,3.7444218099295754,Creative,Designer
6.944942062544622,3.455298438416576,7.080854348725522,6.346203275814953,9.28748832357594,6.528619637125062,3.5289824041525177,Creative,Designer
5.443755007334804,3.3183592265747337,6.6621178110577635,6.374927078566226,9.527477526743843,4.1939445800314985,2.61105575821388,Creative,Designer
6.901748919319746,1.8768220179120383,7.119554006723361,4.998177247778902,9.007468114081728,4.962449174140741,3.9252924269205156,Creative,Designer
7.74645815847761,8.059388332122612,3.462621959058678,7.206871700933644,5.472694569744975,4.822313114542695,2.8492228596599443,Tech,Software Engineer
6.651589844819523,2.52907858935514,6.829039571505292,6.05012774091444,7.372972645399315,6.733962566083047,2.735114274760511,Creative,Designer
7.159974120517555,9.033049152859654,3.5934699864701187,8.275800045370922,5.420313474857439,5.452337342834447,2.3984096718393086,Tech,Software Engineer
5.022692245682668,4.42309514951162,6.406947062413971,7.667401527738422,8.836156200113122,7.072485172025284,3.005355599234468,Creative,Designer
7.165833097806716,3.0125137594215303,7.68835752483465,7.090075549472231,7.80476655166702,3.9223555717966363,2.195567425007577,Creative,Designer
7.905966266137495,8.746567137821666,4.206939628945844,7.16282213754019,4.517814602557179,3.0,3.2573884478758584,Tech,Data Scientist
7.836379457876824,3.237338103793847,5.453938672155012,4.744160588335065,9.96534324112379,5.400649088719357,2.282071835438706,Creative,Designer
5.784142556218766,3.1001429124600763,5.304339749124632,6.416468415051422,8.146742114517465,5.013279762864988,3.636051732616899,Creative,Designer
7.760896928326561,8.425786274748955,5.270064518369838,8.110671556260025,5.429221830537938,5.282683844767873,3.997547493215561,Tech,Software Engineer
7.887367290866892,8.95938220770888,6.357048567445345,8.073092130369048,4.964346247174189,3.6578487608252073,3.410953672741335,Tech,Data Scientist
7.166475672703086,4.737067539033005,7.351852335574146,5.532202219124489,7.335073017310522,8.559192205017716,3.3464851978977643,Business,Product Manager
7.156818526720137,2.272632259340868,6.840336405554691,5.987731805393347,7.690077637779822,4.48749866812577,4.054565157651066,Creative,Designer
6.69521338321847,8.089541260434919,4.745562056205693,8.743536834040018,5.635062224603781,6.546133099181903,3.349363707240294,Tech,Software Engineer
7.056426207993996,6.8518293431305475,4.837008700666756,6.516394283011126,4.352995423584984,7.066831930394779,3.5182900144206184,Tech,Software Engineer
8.000467746440835,8.441809093559085,5.8203545585321175,8.826250253027785,7.02603390991068,2.5,3.0460491561298544,Tech,Software Engineer
7.449137756397739,2.8794942983335376,8.050688452840225,6.828495165351547,7.982708181025042,9.24254788225375,3.2394699102216182,Business,Product Manager
6.3819020749376545,5.002198889460462,8.192778223352509,6.952584243596442,6.501173032666473,10.0,2.3155659248746754,Business,Product Manager
6.920362125842624,3.546089230831429,7.890471991138565,5.363678724954706,8.165498258505986,6.005890292938547,2.7430664089175307,Creative,Designer
9.14279310963435,5.06378990784596,8.87039794027608,6.0526327699096125,6.4595681792288095,9.290306950334985,2.7008237828048234,Business,Product Manager
8.431906168713207,4.567127220158881,8.696896566471029,7.829699640285039,6.9405430876854135,8.623985855139741,4.0,Business,Product Manager
7.3985953217492,8.357329970013941,6.755582088650125,7.702265839796593,6.9874051450464005,6.773258533823247,4.949041405250632,Tech,Data Scientist
6.198578167504762,7.255965457774795,5.417583666038555,6.5,5.036361555631196,4.493328272569482,3.6391162763849354,Tech,Data Scientist
6.271918138404374,4.511007897818555,8.206986683751708,9.157935592711437,8.932046433311315,6.96851488533584,4.0,Business,Product Manager
8.4304275519426,7.0691227534930405,6.435276111588264,7.061012451680751,6.446322147543063,4.61274120526189,2.7738922797915824,Tech,Data Scientist
5.106164847965374,2.3743758935986037,7.875722967494192,6.6567562903083575,8.586865534577433,5.991107123369706,2.7519262017958948,Creative,Designer
8.43996261264727,4.497299706595011,8.952252857737307,6.868409748359896,7.88935990745361,7.6904067809384085,3.2634619552616924,Business,Product Manager
7.147164183716342,8.41193944963129,4.601767381798868,6.467851126049303,4.859778791074283,4.238224203234252,2.369220960166183,Tech,Software Engineer
4.602064481498504,3.339641766713351,6.986052843652188,6.857575842824816,7.863719414694975,6.209518358246567,4.443636075696622,Creative,Designer
8.681028459875831,7.363461923043682,7.168997870275858,7.910533970332526,5.510249817098791,6.499461495881322,3.8248684702169222,Tech,Data Scientist
8.331527546620798,7.109415691971322,4.067953719268691,8.414169169875068,5.187058904689674,5.043107013802346,3.3103225607521534,Tech,Data Scientist
7.731514105505083,6.5,4.704939169772795,9.291089783851127,6.895184981971686,4.708571743386731,2.5979972351672824,Tech,Data Scientist
7.1835015843893295,6.5,6.299034821007201,8.944670581080423,7.797594522434315,6.067927329311596,3.502626642731444,Tech,Data Scientist
8.569905702918486,8.800540457276924,4.109003808857294,9.099464556231952,6.458797368366192,4.987764661249945,4.572175044497423,Tech,Software Engineer
7.257723122140338,3.691377974183327,8.090988487166998,7.5170920679760975,7.168788674983269,6.791541676445224,2.221761665549398,Business,Product Manager
7.831447988509474,6.905698168306282,4.636522052131312,8.748599228219728,5.649047617782022,4.375491690187937,3.723056850461334,Tech,Data Scientist
